{"vertices":[9.940358,127.23658,0.0,9.940358,164.0,0.0,63.61829,164.0,0.0,106.36183,164.0,0.0,163.0,164.0,0.0,208.74751,164.0,0.0,257.47,164.0,0.0,304.17496,164.0,0.0,352.88,164.0,0.0,398.60834,164.0,0.0,449.0,164.0,0.0,497.0,164.0,0.0,544.73,164.0,0.0,592.4453,164.0,0.0,641.15,164.0,0.0,685.8847,164.0,0.0,733.6,164.0,0.0,781.31213,164.0,0.0,829.0258,164.0,0.0,888.66797,164.0,0.0,938.36975,164.0,0.0,987.0775,164.0,0.0,987.0775,130.21869,0.0,449.0,212.72366,0.0,449.0,251.49106,0.0,449.0,289.2644,0.0,449.0,348.90656,0.0,398.60834,312.12723,0.0,352.88,279.32407,0.0,304.17496,249.50298,0.0,257.41,222.66402,0.0,163.02,181.90855,0.0,105.36779,125.24851,0.0,497.0,313.12128,0.0,544.7316,282.30615,0.0,591.4513,256.46124,0.0,641.1531,233.5984,0.0,686.8787,212.72366,0.0,733.6,196.81909,0.0,782.30615,184.89066,0.0,829.0258,174.9503,0.0,888.66797,127.23658,0.0,449.0,128.23062,0.0,208.74751,199.8012,0.0,9.940358,127.23658,60.0,9.940358,164.0,60.0,63.61829,164.0,60.0,106.36183,164.0,60.0,163.0,164.0,60.0,208.74751,164.0,60.0,257.47,164.0,60.0,304.17496,164.0,60.0,352.88,164.0,60.0,398.60834,164.0,60.0,449.0,164.0,60.0,497.0,164.0,60.0,544.73,164.0,60.0,592.4453,164.0,60.0,641.15,164.0,60.0,685.8847,164.0,60.0,733.6,164.0,60.0,781.31213,164.0,60.0,829.0258,164.0,60.0,888.66797,164.0,60.0,938.36975,164.0,60.0,987.0775,164.0,60.0,987.0775,130.21869,60.0,449.0,212.72366,60.0,449.0,251.49106,60.0,449.0,289.2644,60.0,449.0,348.90656,60.0,398.60834,312.12723,60.0,352.88,279.32407,60.0,304.17496,249.50298,60.0,257.41,222.66402,60.0,163.02,181.90855,60.0,105.36779,125.24851,60.0,497.0,313.12128,60.0,544.7316,282.30615,60.0,591.4513,256.46124,60.0,641.1531,233.5984,60.0,686.8787,212.72366,60.0,733.6,196.81909,60.0,782.30615,184.89066,60.0,829.0258,174.9503,60.0,888.66797,127.23658,60.0,449.0,128.23062,60.0,208.74751,199.8012,60.0],"morphTargets":[],"meatdata":{"type":"Geometry","morphTargets":0,"version":3,"vertices":143,"generator":"io_three","materials":0,"colors":1,"faces":0},"materials":[],"colors":[65280],"faces":[131,0,1,45,44,0,0,0,0,0,131,1,2,46,45,0,0,0,0,0,131,2,3,47,46,0,0,0,0,0,131,3,4,48,47,0,0,0,0,0,131,4,5,49,48,0,0,0,0,0,131,5,6,50,49,0,0,0,0,0,131,6,7,51,50,0,0,0,0,0,131,7,8,52,51,0,0,0,0,0,131,8,9,53,52,0,0,0,0,0,131,9,11,55,53,0,0,0,0,0,131,11,12,56,55,0,0,0,0,0,131,12,13,57,56,0,0,0,0,0,131,13,14,58,57,0,0,0,0,0,131,14,15,59,58,0,0,0,0,0,131,15,16,60,59,0,0,0,0,0,131,16,17,61,60,0,0,0,0,0,131,17,18,62,61,0,0,0,0,0,131,18,19,63,62,0,0,0,0,0,131,19,20,64,63,0,0,0,0,0,131,20,21,65,64,0,0,0,0,0,131,21,22,66,65,0,0,0,0,0,131,26,27,71,70,0,0,0,0,0,131,27,28,72,71,0,0,0,0,0,131,28,29,73,72,0,0,0,0,0,131,29,30,74,73,0,0,0,0,0,131,31,3,47,75,0,0,0,0,0,131,3,32,76,47,0,0,0,0,0,131,26,33,77,70,0,0,0,0,0,131,33,34,78,77,0,0,0,0,0,131,34,35,79,78,0,0,0,0,0,131,35,36,80,79,0,0,0,0,0,131,36,37,81,80,0,0,0,0,0,131,37,38,82,81,0,0,0,0,0,131,38,39,83,82,0,0,0,0,0,131,39,40,84,83,0,0,0,0,0,131,40,19,63,84,0,0,0,0,0,131,19,41,85,63,0,0,0,0,0,131,31,4,48,75,0,0,0,0,0,131,43,30,74,87,0,0,0,0,0,131,43,31,75,87,0,0,0,0,0,131,31,43,87,75,0,0,0,0,0,131,43,5,49,87,0,0,0,0,0,131,30,6,50,74,0,0,0,0,0,131,29,7,51,73,0,0,0,0,0,131,28,8,52,72,0,0,0,0,0,131,27,9,53,71,0,0,0,0,0,131,33,11,55,77,0,0,0,0,0,131,34,12,56,78,0,0,0,0,0,131,35,13,57,79,0,0,0,0,0,131,36,14,58,80,0,0,0,0,0,131,37,15,59,81,0,0,0,0,0,131,38,16,60,82,0,0,0,0,0,131,39,17,61,83,0,0,0,0,0,131,40,18,62,84,0,0,0,0,0,131,42,26,70,86,0,0,0,0,0]}