{
    "materials":[{
        "DbgColor":15658734,
        "wireframe":false,
        "visible":true,
        "doubleSided":false,
        "vertexColors":false,
        "opacity":1,
        "transparent":false,
        "blending":1,
        "colorEmissive":[0,0,0],
        "colorDiffuse":[0.0059713,0.8,0],
        "depthTest":true,
        "DbgName":"Material.003",
        "DbgIndex":0,
        "colorSpecular":[0.5,0.5,0.5],
        "shading":"phong",
        "depthWrite":true,
        "specularCoef":50
    }],
    "vertices":[0.655695,-0.182568,-1.28599,0.655695,-0.182568,0.714006,-1.34431,-0.182568,0.714006,-1.3443,-0.182568,-1.28599,0.655695,1.81743,-1.28599,0.655694,1.81743,0.714007,-1.34431,1.81743,0.714005,-1.34431,1.81743,-1.28599,0.655695,-0.182568,-1.28599,0.655695,-0.182568,-1.28599,0.655695,-0.182568,0.714006,0.655695,-0.182568,0.714006,-1.3443,-0.182568,-1.28599,-1.3443,-0.182568,-1.28599,0.655695,1.81743,-1.28599,0.655695,1.81743,-1.28599,-1.34431,-0.182568,0.714006,-1.34431,-0.182568,0.714006,0.655694,1.81743,0.714007,0.655694,1.81743,0.714007,-1.34431,1.81743,0.714005,-1.34431,1.81743,0.714005,-1.34431,1.81743,-1.28599,-1.34431,1.81743,-1.28599],
    "metadata":{
        "colors":1,
        "vertices":24,
        "faces":6,
        "materials":1,
        "type":"Geometry",
        "generator":"io_three",
        "morphTargets":24,
        "version":3
    },
    "morphTargets":[{
        "name":"animation_000000",
        "vertices":[0.655695,-0.182568,-1.28599,0.655695,-0.182568,0.714006,-1.34431,-0.182568,0.714006,-1.3443,-0.182568,-1.28599,0.655695,1.81743,-1.28599,0.655694,1.81743,0.714007,-1.34431,1.81743,0.714005,-1.34431,1.81743,-1.28599,0.655695,-0.182568,-1.28599,0.655695,-0.182568,-1.28599,0.655695,-0.182568,0.714006,0.655695,-0.182568,0.714006,-1.3443,-0.182568,-1.28599,-1.3443,-0.182568,-1.28599,0.655695,1.81743,-1.28599,0.655695,1.81743,-1.28599,-1.34431,-0.182568,0.714006,-1.34431,-0.182568,0.714006,0.655694,1.81743,0.714007,0.655694,1.81743,0.714007,-1.34431,1.81743,0.714005,-1.34431,1.81743,0.714005,-1.34431,1.81743,-1.28599,-1.34431,1.81743,-1.28599]
    },{
        "name":"animation_000001",
        "vertices":[0.655695,-0.182568,-1.28599,0.655695,-0.182568,0.714006,-1.34431,-0.182568,0.714006,-1.3443,-0.182568,-1.28599,0.640917,1.80342,-1.27415,0.655694,1.81743,0.714007,-1.34431,1.81743,0.714005,-1.34431,1.81743,-1.28599,0.655695,-0.182568,-1.28599,0.655695,-0.182568,-1.28599,0.655695,-0.182568,0.714006,0.655695,-0.182568,0.714006,-1.3443,-0.182568,-1.28599,-1.3443,-0.182568,-1.28599,0.640917,1.80342,-1.27415,0.640917,1.80342,-1.27415,-1.34431,-0.182568,0.714006,-1.34431,-0.182568,0.714006,0.655694,1.81743,0.714007,0.655694,1.81743,0.714007,-1.34431,1.81743,0.714005,-1.34431,1.81743,0.714005,-1.34431,1.81743,-1.28599,-1.34431,1.81743,-1.28599]
    },{
        "name":"animation_000002",
        "vertices":[0.655695,-0.182568,-1.28599,0.655695,-0.182568,0.714006,-1.34431,-0.182568,0.714006,-1.3443,-0.182568,-1.28599,0.596356,1.76119,-1.23844,0.655694,1.81743,0.714007,-1.34431,1.81743,0.714005,-1.34431,1.81743,-1.28599,0.655695,-0.182568,-1.28599,0.655695,-0.182568,-1.28599,0.655695,-0.182568,0.714006,0.655695,-0.182568,0.714006,-1.3443,-0.182568,-1.28599,-1.3443,-0.182568,-1.28599,0.596356,1.76119,-1.23844,0.596356,1.76119,-1.23844,-1.34431,-0.182568,0.714006,-1.34431,-0.182568,0.714006,0.655694,1.81743,0.714007,0.655694,1.81743,0.714007,-1.34431,1.81743,0.714005,-1.34431,1.81743,0.714005,-1.34431,1.81743,-1.28599,-1.34431,1.81743,-1.28599]
    },{
        "name":"animation_000003",
        "vertices":[0.655695,-0.182568,-1.28599,0.655695,-0.182568,0.714006,-1.34431,-0.182568,0.714006,-1.3443,-0.182568,-1.28599,0.523298,1.69194,-1.1799,0.655694,1.81743,0.714007,-1.34431,1.81743,0.714005,-1.34431,1.81743,-1.28599,0.655695,-0.182568,-1.28599,0.655695,-0.182568,-1.28599,0.655695,-0.182568,0.714006,0.655695,-0.182568,0.714006,-1.3443,-0.182568,-1.28599,-1.3443,-0.182568,-1.28599,0.523298,1.69194,-1.1799,0.523298,1.69194,-1.1799,-1.34431,-0.182568,0.714006,-1.34431,-0.182568,0.714006,0.655694,1.81743,0.714007,0.655694,1.81743,0.714007,-1.34431,1.81743,0.714005,-1.34431,1.81743,0.714005,-1.34431,1.81743,-1.28599,-1.34431,1.81743,-1.28599]
    },{
        "name":"animation_000004",
        "vertices":[0.655695,-0.182568,-1.28599,0.655695,-0.182568,0.714006,-1.34431,-0.182568,0.714006,-1.3443,-0.182568,-1.28599,0.42595,1.59967,-1.1019,0.655694,1.81743,0.714007,-1.34431,1.81743,0.714005,-1.34431,1.81743,-1.28599,0.655695,-0.182568,-1.28599,0.655695,-0.182568,-1.28599,0.655695,-0.182568,0.714006,0.655695,-0.182568,0.714006,-1.3443,-0.182568,-1.28599,-1.3443,-0.182568,-1.28599,0.42595,1.59967,-1.1019,0.42595,1.59967,-1.1019,-1.34431,-0.182568,0.714006,-1.34431,-0.182568,0.714006,0.655694,1.81743,0.714007,0.655694,1.81743,0.714007,-1.34431,1.81743,0.714005,-1.34431,1.81743,0.714005,-1.34431,1.81743,-1.28599,-1.34431,1.81743,-1.28599]
    },{
        "name":"animation_000005",
        "vertices":[0.655695,-0.182568,-1.28599,0.655695,-0.182568,0.714006,-1.34431,-0.182568,0.714006,-1.3443,-0.182568,-1.28599,0.312,1.49167,-1.01059,0.655694,1.81743,0.714007,-1.34431,1.81743,0.714005,-1.34431,1.81743,-1.28599,0.655695,-0.182568,-1.28599,0.655695,-0.182568,-1.28599,0.655695,-0.182568,0.714006,0.655695,-0.182568,0.714006,-1.3443,-0.182568,-1.28599,-1.3443,-0.182568,-1.28599,0.312,1.49167,-1.01059,0.312,1.49167,-1.01059,-1.34431,-0.182568,0.714006,-1.34431,-0.182568,0.714006,0.655694,1.81743,0.714007,0.655694,1.81743,0.714007,-1.34431,1.81743,0.714005,-1.34431,1.81743,0.714005,-1.34431,1.81743,-1.28599,-1.34431,1.81743,-1.28599]
    },{
        "name":"animation_000006",
        "vertices":[0.655695,-0.182568,-1.28599,0.655695,-0.182568,0.714006,-1.34431,-0.182568,0.714006,-1.3443,-0.182568,-1.28599,0.192116,1.37804,-0.914523,0.655694,1.81743,0.714007,-1.34431,1.81743,0.714005,-1.34431,1.81743,-1.28599,0.655695,-0.182568,-1.28599,0.655695,-0.182568,-1.28599,0.655695,-0.182568,0.714006,0.655695,-0.182568,0.714006,-1.3443,-0.182568,-1.28599,-1.3443,-0.182568,-1.28599,0.192116,1.37804,-0.914523,0.192116,1.37804,-0.914523,-1.34431,-0.182568,0.714006,-1.34431,-0.182568,0.714006,0.655694,1.81743,0.714007,0.655694,1.81743,0.714007,-1.34431,1.81743,0.714005,-1.34431,1.81743,0.714005,-1.34431,1.81743,-1.28599,-1.34431,1.81743,-1.28599]
    },{
        "name":"animation_000007",
        "vertices":[0.655695,-0.182568,-1.28599,0.655695,-0.182568,0.714006,-1.34431,-0.182568,0.714006,-1.3443,-0.182568,-1.28599,0.0781655,1.27003,-0.823213,0.655694,1.81743,0.714007,-1.34431,1.81743,0.714005,-1.34431,1.81743,-1.28599,0.655695,-0.182568,-1.28599,0.655695,-0.182568,-1.28599,0.655695,-0.182568,0.714006,0.655695,-0.182568,0.714006,-1.3443,-0.182568,-1.28599,-1.3443,-0.182568,-1.28599,0.0781655,1.27003,-0.823213,0.0781655,1.27003,-0.823213,-1.34431,-0.182568,0.714006,-1.34431,-0.182568,0.714006,0.655694,1.81743,0.714007,0.655694,1.81743,0.714007,-1.34431,1.81743,0.714005,-1.34431,1.81743,0.714005,-1.34431,1.81743,-1.28599,-1.34431,1.81743,-1.28599]
    },{
        "name":"animation_000008",
        "vertices":[0.655695,-0.182568,-1.28599,0.655695,-0.182568,0.714006,-1.34431,-0.182568,0.714006,-1.3443,-0.182568,-1.28599,-0.019182,1.17776,-0.745208,0.655694,1.81743,0.714007,-1.34431,1.81743,0.714005,-1.34431,1.81743,-1.28599,0.655695,-0.182568,-1.28599,0.655695,-0.182568,-1.28599,0.655695,-0.182568,0.714006,0.655695,-0.182568,0.714006,-1.3443,-0.182568,-1.28599,-1.3443,-0.182568,-1.28599,-0.019182,1.17776,-0.745208,-0.019182,1.17776,-0.745208,-1.34431,-0.182568,0.714006,-1.34431,-0.182568,0.714006,0.655694,1.81743,0.714007,0.655694,1.81743,0.714007,-1.34431,1.81743,0.714005,-1.34431,1.81743,0.714005,-1.34431,1.81743,-1.28599,-1.34431,1.81743,-1.28599]
    },{
        "name":"animation_000009",